-- MySQL Script generated by MySQL Workbench
-- jue 09 oct 2014 15:08:10 CDT
-- Model: New Model    Version: 1.0
SET @OLD_UNIQUE_CHECKS=@@UNIQUE_CHECKS, UNIQUE_CHECKS=0;
SET @OLD_FOREIGN_KEY_CHECKS=@@FOREIGN_KEY_CHECKS, FOREIGN_KEY_CHECKS=0;
SET @OLD_SQL_MODE=@@SQL_MODE, SQL_MODE='TRADITIONAL,ALLOW_INVALID_DATES';

-- -----------------------------------------------------
-- Schema sis_fac
-- -----------------------------------------------------
DROP SCHEMA IF EXISTS `sis_fac` ;
CREATE SCHEMA IF NOT EXISTS `sis_fac` ;
USE `sis_fac` ;

-- -----------------------------------------------------
-- Table `sis_fac`.`area`
-- -----------------------------------------------------
DROP TABLE IF EXISTS `sis_fac`.`area` ;

CREATE TABLE IF NOT EXISTS `sis_fac`.`area` (
  `id_area` INT NOT NULL AUTO_INCREMENT,
  `tx_area` VARCHAR(45) NULL,
  `oper_sol` INT NULL,
  `suspendido` INT NULL DEFAULT 0,
  PRIMARY KEY (`id_area`));


-- -----------------------------------------------------
-- Table `sis_fac`.`users`
-- -----------------------------------------------------
DROP TABLE IF EXISTS `sis_fac`.`users` ;

CREATE TABLE IF NOT EXISTS `sis_fac`.`users` (
  `id_usuario` INT NOT NULL AUTO_INCREMENT,
  `username` VARCHAR(45) NULL,
  `pass` VARCHAR(45) NULL,
  `nombre` VARCHAR(45) NULL,
  `n_paterno` VARCHAR(45) NULL,
  `n_materno` VARCHAR(45) NULL,
  `mail` VARCHAR(45) NULL,
  `dt_registro` DATE NULL,
  `area_idarea` INT NOT NULL,
  PRIMARY KEY (`id_usuario`),
  INDEX `fk_users_area_idx` (`area_idarea` ASC),
  CONSTRAINT `fk_users_area`
    FOREIGN KEY (`area_idarea`)
    REFERENCES `sis_fac`.`area` (`id_area`)
    ON DELETE NO ACTION
    ON UPDATE NO ACTION)
ENGINE = InnoDB;


-- -----------------------------------------------------
-- Table `sis_fac`.`tipo_cliente`
-- -----------------------------------------------------
DROP TABLE IF EXISTS `sis_fac`.`tipo_cliente` ;

CREATE TABLE IF NOT EXISTS `sis_fac`.`tipo_cliente` (
  `id_tipo_cliente` INT NOT NULL AUTO_INCREMENT,
  `tx_tipo_cliente` VARCHAR(100) NULL,
  `caracteres` VARCHAR(3) NULL,
  `restriccion` VARCHAR(5) NULL,
  `suspendido` INT NULL DEFAULT 0,
  PRIMARY KEY (`id_tipo_cliente`));


-- -----------------------------------------------------
-- Table `sis_fac`.`solicitudes`
-- -----------------------------------------------------
DROP TABLE IF EXISTS `sis_fac`.`solicitudes` ;

CREATE TABLE IF NOT EXISTS `sis_fac`.`solicitudes` (
  `id_solicitudes` INT NOT NULL AUTO_INCREMENT,
  `fecha_solicitud` DATETIME NULL,
  `area_idarea` INT NOT NULL,
  `tipo_cliente_idtipo_cliente` INT NOT NULL,
  `users_id_usuario` INT NOT NULL,
  PRIMARY KEY (`id_solicitudes`),
  INDEX `fk_solicitudes_area1_idx` (`area_idarea` ASC),
  INDEX `fk_solicitudes_tipo_cliente1_idx` (`tipo_cliente_idtipo_cliente` ASC),
  INDEX `fk_solicitudes_users1_idx` (`users_id_usuario` ASC),
  CONSTRAINT `fk_solicitudes_area1`
    FOREIGN KEY (`area_idarea`)
    REFERENCES `sis_fac`.`area` (`id_area`)
    ON DELETE NO ACTION
    ON UPDATE NO ACTION,
  CONSTRAINT `fk_solicitudes_tipo_cliente1`
    FOREIGN KEY (`tipo_cliente_idtipo_cliente`)
    REFERENCES `sis_fac`.`tipo_cliente` (`id_tipo_cliente`)
    ON DELETE NO ACTION
    ON UPDATE NO ACTION,
  CONSTRAINT `fk_solicitudes_users1`
    FOREIGN KEY (`users_id_usuario`)
    REFERENCES `sis_fac`.`users` (`id_usuario`)
    ON DELETE NO ACTION
    ON UPDATE NO ACTION);


-- -----------------------------------------------------
-- Table `sis_fac`.`observaciones`
-- -----------------------------------------------------
DROP TABLE IF EXISTS `sis_fac`.`observaciones` ;

CREATE TABLE IF NOT EXISTS `sis_fac`.`observaciones` (
  `id_observaciones` INT NOT NULL AUTO_INCREMENT,
  `observacion` VARCHAR(250) NULL,
  `fecha_observacion` DATETIME NULL,
  `users_id_usuario` INT NOT NULL,
  `id_documento` VARCHAR(45) NULL,
  `estado` INT NULL DEFAULT 0,
  `solicitudes_id_solicitudes` INT NULL,
  PRIMARY KEY (`id_observaciones`),
  INDEX `fk_observaciones_users1_idx` (`users_id_usuario` ASC),
  CONSTRAINT `fk_observaciones_users1`
    FOREIGN KEY (`users_id_usuario`)
    REFERENCES `sis_fac`.`users` (`id_usuario`)
    ON DELETE NO ACTION
    ON UPDATE NO ACTION);


-- -----------------------------------------------------
-- Table `sis_fac`.`iva`
-- -----------------------------------------------------
DROP TABLE IF EXISTS `sis_fac`.`iva` ;

CREATE TABLE IF NOT EXISTS `sis_fac`.`iva` (
  `id_iva` INT NOT NULL AUTO_INCREMENT,
  `valor_tx` VARCHAR(7) NULL,
  `valor_int` FLOAT NULL,
  `suspendido` INT NULL,
  PRIMARY KEY (`id_iva`));


-- -----------------------------------------------------
-- Table `sis_fac`.`moneda`
-- -----------------------------------------------------
DROP TABLE IF EXISTS `sis_fac`.`moneda` ;

CREATE TABLE IF NOT EXISTS `sis_fac`.`moneda` (
  `id_moneda` INT NOT NULL AUTO_INCREMENT,
  `moneda` VARCHAR(5) NULL,
  `suspendido` INT NULL DEFAULT 0,
  PRIMARY KEY (`id_moneda`));


-- -----------------------------------------------------
-- Table `sis_fac`.`tipo_documento`
-- -----------------------------------------------------
DROP TABLE IF EXISTS `sis_fac`.`tipo_documento` ;

CREATE TABLE IF NOT EXISTS `sis_fac`.`tipo_documento` (
  `id_tipo_doc` INT NOT NULL AUTO_INCREMENT,
  `tipo_doc` VARCHAR(45) NULL,
  `suspendido` INT NULL DEFAULT 0,
  PRIMARY KEY (`id_tipo_doc`));


-- -----------------------------------------------------
-- Table `sis_fac`.`documento`
-- -----------------------------------------------------
DROP TABLE IF EXISTS `sis_fac`.`documento` ;

CREATE TABLE IF NOT EXISTS `sis_fac`.`documento` (
  `id_documento` INT NOT NULL AUTO_INCREMENT,
  `id_codigo_cliente` VARCHAR(45) NULL,
  `tipo_nc` VARCHAR(45) NULL,
  `dias_vencimiento` VARCHAR(45) NULL,
  `leyenda_doc` VARCHAR(45) NULL,
  `compa_fac` VARCHAR(45) NULL,
  `refac_folio` VARCHAR(45) NULL,
  `IVA_idIVA` INT NOT NULL,
  `Moneda_idMoneda` INT NOT NULL,
  `tipo_documento_idtipo_doc` INT NOT NULL,
  `solicitudes_idSolicitudes` INT NOT NULL,
  `razon_social` VARCHAR(45) NULL,
  `leyenda_mat` VARCHAR(45) NULL,
  `salida` VARCHAR(45) NULL,
  `entrada` VARCHAR(45) NULL,
  `motivos` VARCHAR(45) NULL,
  `folio_fac_origen` VARCHAR(45) NULL,
  `monto_total_fac_orig` VARCHAR(45) NULL,
  `monto_afectar_nc` VARCHAR(45) NULL,
  `fecha_emision_nc` DATE NULL,
  `folio_nc` VARCHAR(45) NULL,
  `fecha_emision_fac_or` DATE NULL,
  `importe_total` VARCHAR(45) NULL,
  `codigo_cliente_afectar` VARCHAR(45) NULL,
  `motivo_nc` VARCHAR(45) NULL,
  `oper_plataforma` VARCHAR(45) NULL,
  `oper_oficina` VARCHAR(45) NULL,
  `oper_clase` VARCHAR(45) NULL,
  `oper_canal` VARCHAR(45) NULL,
  `oper_sector` VARCHAR(45) NULL,
  `oper_tipo` VARCHAR(45) NULL,
  `oper_numero` VARCHAR(45) NULL,
  `fac_clasificacion` VARCHAR(45) NULL,
  `fac_proceso` VARCHAR(45) NULL,
  `fac_numero_folio` VARCHAR(45) NULL,
  `estado_actual` INT NULL,
  `area_flujo` INT NULL,
  `area_flujo_anterior` INT NULL,
  `prioridad_flujo` INT NULL,
  `subprioridad_flujo` INT NULL DEFAULT 0,
  `usuario_reserva` INT NULL,
  `reservada` INT NULL,
  PRIMARY KEY (`id_documento`),
  INDEX `fk_documento_IVA1_idx` (`IVA_idIVA` ASC),
  INDEX `fk_documento_Moneda1_idx` (`Moneda_idMoneda` ASC),
  INDEX `fk_documento_tipo_documento1_idx` (`tipo_documento_idtipo_doc` ASC),
  INDEX `fk_documento_solicitudes1_idx` (`solicitudes_idSolicitudes` ASC),
  CONSTRAINT `fk_documento_IVA1`
    FOREIGN KEY (`IVA_idIVA`)
    REFERENCES `sis_fac`.`iva` (`id_iva`)
    ON DELETE NO ACTION
    ON UPDATE NO ACTION,
  CONSTRAINT `fk_documento_Moneda1`
    FOREIGN KEY (`Moneda_idMoneda`)
    REFERENCES `sis_fac`.`moneda` (`id_moneda`)
    ON DELETE NO ACTION
    ON UPDATE NO ACTION,
  CONSTRAINT `fk_documento_tipo_documento1`
    FOREIGN KEY (`tipo_documento_idtipo_doc`)
    REFERENCES `sis_fac`.`tipo_documento` (`id_tipo_doc`)
    ON DELETE NO ACTION
    ON UPDATE NO ACTION,
  CONSTRAINT `fk_documento_solicitudes1`
    FOREIGN KEY (`solicitudes_idSolicitudes`)
    REFERENCES `sis_fac`.`solicitudes` (`id_solicitudes`)
    ON DELETE NO ACTION
    ON UPDATE NO ACTION);


-- -----------------------------------------------------
-- Table `sis_fac`.`conceptos_doc`
-- -----------------------------------------------------
DROP TABLE IF EXISTS `sis_fac`.`conceptos_doc` ;

CREATE TABLE IF NOT EXISTS `sis_fac`.`conceptos_doc` (
  `id_conceptos_doc` INT NOT NULL AUTO_INCREMENT,
  `id_codigo_concepto` VARCHAR(45) NULL,
  `tx_concepto` VARCHAR(45) NULL,
  `fac_unidades` VARCHAR(45) NULL,
  `fac_precio_uni` VARCHAR(45) NULL,
  `fac_descuento` VARCHAR(45) NULL,
  `not_importe_dispo` VARCHAR(45) NULL,
  `not_monto_afec` VARCHAR(45) NULL,
  `documento_iddocumento` INT NOT NULL,
  PRIMARY KEY (`id_conceptos_doc`),
  INDEX `fk_conceptos_doc_documento1_idx` (`documento_iddocumento` ASC),
  CONSTRAINT `fk_conceptos_doc_documento1`
    FOREIGN KEY (`documento_iddocumento`)
    REFERENCES `sis_fac`.`documento` (`id_documento`)
    ON DELETE NO ACTION
    ON UPDATE NO ACTION);


-- -----------------------------------------------------
-- Table `sis_fac`.`estado_solicitud`
-- -----------------------------------------------------
DROP TABLE IF EXISTS `sis_fac`.`estado_solicitud` ;

CREATE TABLE IF NOT EXISTS `sis_fac`.`estado_solicitud` (
  `id_estado_solicitud` INT NOT NULL AUTO_INCREMENT,
  `estado_sol` VARCHAR(45) NULL,
  `suspendido` INT NULL DEFAULT 0,
  PRIMARY KEY (`id_estado_solicitud`));


-- -----------------------------------------------------
-- Table `sis_fac`.`historial_estados`
-- -----------------------------------------------------
DROP TABLE IF EXISTS `sis_fac`.`historial_estados` ;

CREATE TABLE IF NOT EXISTS `sis_fac`.`historial_estados` (
  `id_historial` INT NOT NULL AUTO_INCREMENT,
  `fecha` DATETIME NULL,
  `estado_solicitud_idestado_solicitud` INT NOT NULL,
  `users_id_usuario` INT NOT NULL,
  `area_id_area` INT NOT NULL,
  `id_documento` INT NOT NULL,
  PRIMARY KEY (`id_historial`),
  INDEX `fk_historial_estados_estado_solicitud1_idx` (`estado_solicitud_idestado_solicitud` ASC),
  INDEX `fk_historial_estados_users1_idx` (`users_id_usuario` ASC),
  INDEX `fk_historial_estados_area1_idx` (`area_id_area` ASC),
  INDEX `fk_historial_estados_documento1_idx` (`id_documento` ASC),
  CONSTRAINT `fk_historial_estados_estado_solicitud1`
    FOREIGN KEY (`estado_solicitud_idestado_solicitud`)
    REFERENCES `sis_fac`.`estado_solicitud` (`id_estado_solicitud`)
    ON DELETE NO ACTION
    ON UPDATE NO ACTION,
  CONSTRAINT `fk_historial_estados_users1`
    FOREIGN KEY (`users_id_usuario`)
    REFERENCES `sis_fac`.`users` (`id_usuario`)
    ON DELETE NO ACTION
    ON UPDATE NO ACTION,
  CONSTRAINT `fk_historial_estados_area1`
    FOREIGN KEY (`area_id_area`)
    REFERENCES `sis_fac`.`area` (`id_area`)
    ON DELETE NO ACTION
    ON UPDATE NO ACTION,
  CONSTRAINT `fk_historial_estados_documento1`
    FOREIGN KEY (`id_documento`)
    REFERENCES `sis_fac`.`documento` (`id_documento`)
    ON DELETE NO ACTION
    ON UPDATE NO ACTION);


-- -----------------------------------------------------
-- Table `sis_fac`.`permisos`
-- -----------------------------------------------------
DROP TABLE IF EXISTS `sis_fac`.`permisos` ;

CREATE TABLE IF NOT EXISTS `sis_fac`.`permisos` (
  `id_permisos` INT NOT NULL AUTO_INCREMENT,
  `permiso` INT NULL,
  `id_tipo_documento` INT NULL,
  `id_area` INT NULL,
  `id_estado_solicitud` INT NULL,
  `id_tipo_cliente` INT NULL,
  `id_moneda` INT NULL,
  `id_iva` INT NULL,
  `id_usuario` INT NULL,
  PRIMARY KEY (`id_permisos`));


-- -----------------------------------------------------
-- Table `sis_fac`.`motivos`
-- -----------------------------------------------------
DROP TABLE IF EXISTS `sis_fac`.`motivos` ;

CREATE TABLE IF NOT EXISTS `sis_fac`.`motivos` (
  `id_motivos` INT NOT NULL AUTO_INCREMENT,
  `motivos_tx` VARCHAR(150) NULL,
  `suspendido` INT NULL DEFAULT 0,
  PRIMARY KEY (`id_motivos`));


-- -----------------------------------------------------
-- Table `sis_fac`.`Catalogo_CFDI`
-- -----------------------------------------------------
DROP TABLE IF EXISTS `sis_fac`.`Catalogo_CFDI` ;

CREATE TABLE IF NOT EXISTS `sis_fac`.`Catalogo_CFDI` (
  `id_catalogo_cfdi` INT NOT NULL AUTO_INCREMENT,
  `tx_catalogo_cfdi` VARCHAR(150) NULL,
  `suspendido` INT NULL DEFAULT 0,
  PRIMARY KEY (`id_catalogo_cfdi`));


-- -----------------------------------------------------
-- Table `sis_fac`.`flujo_trabajo`
-- -----------------------------------------------------
DROP TABLE IF EXISTS `sis_fac`.`flujo_trabajo` ;

CREATE TABLE IF NOT EXISTS `sis_fac`.`flujo_trabajo` (
  `idflujo` INT NOT NULL AUTO_INCREMENT,
  `prioridad` INT NULL,
  `sub_prioridad` INT NULL,
  `area_id_area` INT NOT NULL,
  `tipo_documento_id_tipo_doc` INT NOT NULL,
  PRIMARY KEY (`idflujo`),
  INDEX `fk_flujo_trabajo_area1_idx` (`area_id_area` ASC),
  INDEX `fk_flujo_trabajo_tipo_documento1_idx` (`tipo_documento_id_tipo_doc` ASC),
  CONSTRAINT `fk_flujo_trabajo_area1`
    FOREIGN KEY (`area_id_area`)
    REFERENCES `sis_fac`.`area` (`id_area`)
    ON DELETE NO ACTION
    ON UPDATE NO ACTION,
  CONSTRAINT `fk_flujo_trabajo_tipo_documento1`
    FOREIGN KEY (`tipo_documento_id_tipo_doc`)
    REFERENCES `sis_fac`.`tipo_documento` (`id_tipo_doc`)
    ON DELETE NO ACTION
    ON UPDATE NO ACTION);


-- -----------------------------------------------------
-- Table `sis_fac`.`adjuntos`
-- -----------------------------------------------------
DROP TABLE IF EXISTS `sis_fac`.`adjuntos` ;

CREATE TABLE IF NOT EXISTS `sis_fac`.`adjuntos` (
  `idadjuntos` INT NOT NULL AUTO_INCREMENT,
  `nombre` VARCHAR(45) NULL,
  `area` INT NULL,
  `id_usuario` INT NULL,
  `id_documento` INT NOT NULL,
  PRIMARY KEY (`idadjuntos`),
  INDEX `fk_adjuntos_documento1_idx` (`id_documento` ASC),
  CONSTRAINT `fk_adjuntos_documento1`
    FOREIGN KEY (`id_documento`)
    REFERENCES `sis_fac`.`documento` (`id_documento`)
    ON DELETE NO ACTION
    ON UPDATE NO ACTION);

SET SQL_MODE = '';
GRANT USAGE ON *.* TO user1;
 DROP USER user1;
SET SQL_MODE='TRADITIONAL,ALLOW_INVALID_DATES';
CREATE USER 'user1';


SET SQL_MODE=@OLD_SQL_MODE;
SET FOREIGN_KEY_CHECKS=@OLD_FOREIGN_KEY_CHECKS;
SET UNIQUE_CHECKS=@OLD_UNIQUE_CHECKS;

-- -----------------------------------------------------
-- Data for table `sis_fac`.`area`
-- -----------------------------------------------------
START TRANSACTION;
USE `sis_fac`;
INSERT INTO `sis_fac`.`area` (`id_area`, `tx_area`, `oper_sol`, `suspendido`) VALUES (1, 'DIRECCIONAMIENTO', 0, NULL);
INSERT INTO `sis_fac`.`area` (`id_area`, `tx_area`, `oper_sol`, `suspendido`) VALUES (2, 'ASIGNACIÓN DE CONDICIONES', 0, NULL);
INSERT INTO `sis_fac`.`area` (`id_area`, `tx_area`, `oper_sol`, `suspendido`) VALUES (3, 'ASIGNACION TEMM', 0, NULL);
INSERT INTO `sis_fac`.`area` (`id_area`, `tx_area`, `oper_sol`, `suspendido`) VALUES (4, 'GENERACIÓN NOTA DE CRÉDITO', 0, NULL);
INSERT INTO `sis_fac`.`area` (`id_area`, `tx_area`, `oper_sol`, `suspendido`) VALUES (5, 'GENERACIÓN FACTURA', 0, NULL);
INSERT INTO `sis_fac`.`area` (`id_area`, `tx_area`, `oper_sol`, `suspendido`) VALUES (6, 'ENTREGA DE DOCUMENTOS', 0, NULL);
INSERT INTO `sis_fac`.`area` (`id_area`, `tx_area`, `oper_sol`, `suspendido`) VALUES (8, 'CAPITAL HUMANO', 1, NULL);
INSERT INTO `sis_fac`.`area` (`id_area`, `tx_area`, `oper_sol`, `suspendido`) VALUES (9, 'CONTABILIDAD', 1, NULL);
INSERT INTO `sis_fac`.`area` (`id_area`, `tx_area`, `oper_sol`, `suspendido`) VALUES (10, 'COBRANZA', 1, NULL);
INSERT INTO `sis_fac`.`area` (`id_area`, `tx_area`, `oper_sol`, `suspendido`) VALUES (11, 'RED DE DISTRIBUCION Y ADMON COMERCIAL', 1, NULL);
INSERT INTO `sis_fac`.`area` (`id_area`, `tx_area`, `oper_sol`, `suspendido`) VALUES (12, 'RED Y SISTEMAS', 1, NULL);
INSERT INTO `sis_fac`.`area` (`id_area`, `tx_area`, `oper_sol`, `suspendido`) VALUES (13, 'EMPRESAS', 1, NULL);
INSERT INTO `sis_fac`.`area` (`id_area`, `tx_area`, `oper_sol`, `suspendido`) VALUES (14, 'EXPERIENCIA DEL CLIENTE', 1, NULL);
INSERT INTO `sis_fac`.`area` (`id_area`, `tx_area`, `oper_sol`, `suspendido`) VALUES (15, 'FISCAL', 1, NULL);
INSERT INTO `sis_fac`.`area` (`id_area`, `tx_area`, `oper_sol`, `suspendido`) VALUES (16, 'FINANZAS', 1, NULL);
INSERT INTO `sis_fac`.`area` (`id_area`, `tx_area`, `oper_sol`, `suspendido`) VALUES (17, 'FUNDACION TELEFONICA', 1, NULL);
INSERT INTO `sis_fac`.`area` (`id_area`, `tx_area`, `oper_sol`, `suspendido`) VALUES (18, 'NEGOCIO MAYORISTA', 1, NULL);
INSERT INTO `sis_fac`.`area` (`id_area`, `tx_area`, `oper_sol`, `suspendido`) VALUES (19, 'OPERACIONES COMERCIALES', 1, NULL);
INSERT INTO `sis_fac`.`area` (`id_area`, `tx_area`, `oper_sol`, `suspendido`) VALUES (20, 'FRONT END', 1, NULL);
INSERT INTO `sis_fac`.`area` (`id_area`, `tx_area`, `oper_sol`, `suspendido`) VALUES (21, 'GESTION MARKETING', 1, NULL);
INSERT INTO `sis_fac`.`area` (`id_area`, `tx_area`, `oper_sol`, `suspendido`) VALUES (22, 'RECARGA Y PROYECTOS ESPECIALES', 1, NULL);
INSERT INTO `sis_fac`.`area` (`id_area`, `tx_area`, `oper_sol`, `suspendido`) VALUES (23, 'SERVICIOS GENERALES', 1, NULL);
INSERT INTO `sis_fac`.`area` (`id_area`, `tx_area`, `oper_sol`, `suspendido`) VALUES (7, 'ATENCION A CONSULTAS', 0, NULL);

COMMIT;


-- -----------------------------------------------------
-- Data for table `sis_fac`.`users`
-- -----------------------------------------------------
START TRANSACTION;
USE `sis_fac`;
INSERT INTO `sis_fac`.`users` (`id_usuario`, `username`, `pass`, `nombre`, `n_paterno`, `n_materno`, `mail`, `dt_registro`, `area_idarea`) VALUES (1, 'daniel_sol', 'daniel', 'daniel', 'test', 'solicitante', 'test', '', 20);
INSERT INTO `sis_fac`.`users` (`id_usuario`, `username`, `pass`, `nombre`, `n_paterno`, `n_materno`, `mail`, `dt_registro`, `area_idarea`) VALUES (2, 'daniel_op', 'daniel', 'daniel', 'test', 'operador', 'test', '', 1);
INSERT INTO `sis_fac`.`users` (`id_usuario`, `username`, `pass`, `nombre`, `n_paterno`, `n_materno`, `mail`, `dt_registro`, `area_idarea`) VALUES (3, 'daniel_op2', 'daniel', 'daniel2', 'test', 'test', 'test', '', 2);
INSERT INTO `sis_fac`.`users` (`id_usuario`, `username`, `pass`, `nombre`, `n_paterno`, `n_materno`, `mail`, `dt_registro`, `area_idarea`) VALUES (4, 'daniel_op3', 'daniel', 'daniel', 'test', 'test', 'test', '', 5);
INSERT INTO `sis_fac`.`users` (`id_usuario`, `username`, `pass`, `nombre`, `n_paterno`, `n_materno`, `mail`, `dt_registro`, `area_idarea`) VALUES (5, 'daniel_op4', 'daniel', 'dan', 'dan', 'dan', 'test', '', 6);
INSERT INTO `sis_fac`.`users` (`id_usuario`, `username`, `pass`, `nombre`, `n_paterno`, `n_materno`, `mail`, `dt_registro`, `area_idarea`) VALUES (6, 'daniel_op33', 'daniel', 'luis daniel', 'test', 'test', 'test', '', 4);

COMMIT;


-- -----------------------------------------------------
-- Data for table `sis_fac`.`tipo_cliente`
-- -----------------------------------------------------
START TRANSACTION;
USE `sis_fac`;
INSERT INTO `sis_fac`.`tipo_cliente` (`id_tipo_cliente`, `tx_tipo_cliente`, `caracteres`, `restriccion`, `suspendido`) VALUES (1, 'POSPAGO', '100', NULL, NULL);
INSERT INTO `sis_fac`.`tipo_cliente` (`id_tipo_cliente`, `tx_tipo_cliente`, `caracteres`, `restriccion`, `suspendido`) VALUES (2, 'DATA', '30', NULL, NULL);
INSERT INTO `sis_fac`.`tipo_cliente` (`id_tipo_cliente`, `tx_tipo_cliente`, `caracteres`, `restriccion`, `suspendido`) VALUES (3, 'INTERCOMPAÑIA', '30', NULL, NULL);
INSERT INTO `sis_fac`.`tipo_cliente` (`id_tipo_cliente`, `tx_tipo_cliente`, `caracteres`, `restriccion`, `suspendido`) VALUES (4, 'DISTRIBUIDOR', '100', NULL, NULL);
INSERT INTO `sis_fac`.`tipo_cliente` (`id_tipo_cliente`, `tx_tipo_cliente`, `caracteres`, `restriccion`, `suspendido`) VALUES (5, 'PROVEEDOR', '30', NULL, NULL);
INSERT INTO `sis_fac`.`tipo_cliente` (`id_tipo_cliente`, `tx_tipo_cliente`, `caracteres`, `restriccion`, `suspendido`) VALUES (6, 'FABRICANTE', '30', NULL, NULL);
INSERT INTO `sis_fac`.`tipo_cliente` (`id_tipo_cliente`, `tx_tipo_cliente`, `caracteres`, `restriccion`, `suspendido`) VALUES (7, 'CARRIER', '30', NULL, NULL);
INSERT INTO `sis_fac`.`tipo_cliente` (`id_tipo_cliente`, `tx_tipo_cliente`, `caracteres`, `restriccion`, `suspendido`) VALUES (8, 'MVNO', '30', NULL, NULL);
INSERT INTO `sis_fac`.`tipo_cliente` (`id_tipo_cliente`, `tx_tipo_cliente`, `caracteres`, `restriccion`, `suspendido`) VALUES (9, 'MISCELÁNEO', '30', NULL, NULL);
INSERT INTO `sis_fac`.`tipo_cliente` (`id_tipo_cliente`, `tx_tipo_cliente`, `caracteres`, `restriccion`, `suspendido`) VALUES (10, 'PREPAGO CAC', '100', NULL, NULL);

COMMIT;


-- -----------------------------------------------------
-- Data for table `sis_fac`.`iva`
-- -----------------------------------------------------
START TRANSACTION;
USE `sis_fac`;
INSERT INTO `sis_fac`.`iva` (`id_iva`, `valor_tx`, `valor_int`, `suspendido`) VALUES (1, 'EXCENTO', 0, NULL);
INSERT INTO `sis_fac`.`iva` (`id_iva`, `valor_tx`, `valor_int`, `suspendido`) VALUES (2, '0%', 0, NULL);
INSERT INTO `sis_fac`.`iva` (`id_iva`, `valor_tx`, `valor_int`, `suspendido`) VALUES (3, '11%', 0.11, NULL);
INSERT INTO `sis_fac`.`iva` (`id_iva`, `valor_tx`, `valor_int`, `suspendido`) VALUES (4, '16%', 0.16, NULL);

COMMIT;


-- -----------------------------------------------------
-- Data for table `sis_fac`.`moneda`
-- -----------------------------------------------------
START TRANSACTION;
USE `sis_fac`;
INSERT INTO `sis_fac`.`moneda` (`id_moneda`, `moneda`, `suspendido`) VALUES (1, 'MXN', NULL);
INSERT INTO `sis_fac`.`moneda` (`id_moneda`, `moneda`, `suspendido`) VALUES (2, 'USD', NULL);
INSERT INTO `sis_fac`.`moneda` (`id_moneda`, `moneda`, `suspendido`) VALUES (3, 'EUR', NULL);

COMMIT;


-- -----------------------------------------------------
-- Data for table `sis_fac`.`tipo_documento`
-- -----------------------------------------------------
START TRANSACTION;
USE `sis_fac`;
INSERT INTO `sis_fac`.`tipo_documento` (`id_tipo_doc`, `tipo_doc`, `suspendido`) VALUES (1, 'FACTURA', NULL);
INSERT INTO `sis_fac`.`tipo_documento` (`id_tipo_doc`, `tipo_doc`, `suspendido`) VALUES (2, 'NOTA DE CREDITO', NULL);
INSERT INTO `sis_fac`.`tipo_documento` (`id_tipo_doc`, `tipo_doc`, `suspendido`) VALUES (3, 'REFACTURA CON CAMBIO', NULL);
INSERT INTO `sis_fac`.`tipo_documento` (`id_tipo_doc`, `tipo_doc`, `suspendido`) VALUES (4, 'REFACTURA SIN CAMBIO', NULL);

COMMIT;


-- -----------------------------------------------------
-- Data for table `sis_fac`.`estado_solicitud`
-- -----------------------------------------------------
START TRANSACTION;
USE `sis_fac`;
INSERT INTO `sis_fac`.`estado_solicitud` (`id_estado_solicitud`, `estado_sol`, `suspendido`) VALUES (1, 'RECIBIDO', NULL);
INSERT INTO `sis_fac`.`estado_solicitud` (`id_estado_solicitud`, `estado_sol`, `suspendido`) VALUES (2, 'ANÁLISIS', NULL);
INSERT INTO `sis_fac`.`estado_solicitud` (`id_estado_solicitud`, `estado_sol`, `suspendido`) VALUES (3, 'LIBERADO', NULL);
INSERT INTO `sis_fac`.`estado_solicitud` (`id_estado_solicitud`, `estado_sol`, `suspendido`) VALUES (4, 'RECHAZADO', NULL);
INSERT INTO `sis_fac`.`estado_solicitud` (`id_estado_solicitud`, `estado_sol`, `suspendido`) VALUES (5, 'INCIDENCIA EN SISTEMA', NULL);
INSERT INTO `sis_fac`.`estado_solicitud` (`id_estado_solicitud`, `estado_sol`, `suspendido`) VALUES (6, 'GESTION TERCEROS', NULL);
INSERT INTO `sis_fac`.`estado_solicitud` (`id_estado_solicitud`, `estado_sol`, `suspendido`) VALUES (0, 'PENDIENTE', NULL);
INSERT INTO `sis_fac`.`estado_solicitud` (`id_estado_solicitud`, `estado_sol`, `suspendido`) VALUES (7, 'FINALIZADO', NULL);

COMMIT;


-- -----------------------------------------------------
-- Data for table `sis_fac`.`permisos`
-- -----------------------------------------------------
START TRANSACTION;
USE `sis_fac`;
INSERT INTO `sis_fac`.`permisos` (`id_permisos`, `permiso`, `id_tipo_documento`, `id_area`, `id_estado_solicitud`, `id_tipo_cliente`, `id_moneda`, `id_iva`, `id_usuario`) VALUES (1, 1, 1, 20, NULL, 1, NULL, NULL, NULL);
INSERT INTO `sis_fac`.`permisos` (`id_permisos`, `permiso`, `id_tipo_documento`, `id_area`, `id_estado_solicitud`, `id_tipo_cliente`, `id_moneda`, `id_iva`, `id_usuario`) VALUES (2, 1, 2, 20, NULL, 1, NULL, NULL, NULL);
INSERT INTO `sis_fac`.`permisos` (`id_permisos`, `permiso`, `id_tipo_documento`, `id_area`, `id_estado_solicitud`, `id_tipo_cliente`, `id_moneda`, `id_iva`, `id_usuario`) VALUES (3, 1, 3, 20, NULL, 1, NULL, NULL, NULL);
INSERT INTO `sis_fac`.`permisos` (`id_permisos`, `permiso`, `id_tipo_documento`, `id_area`, `id_estado_solicitud`, `id_tipo_cliente`, `id_moneda`, `id_iva`, `id_usuario`) VALUES (4, 1, 4, 20, NULL, 1, NULL, NULL, NULL);
INSERT INTO `sis_fac`.`permisos` (`id_permisos`, `permiso`, `id_tipo_documento`, `id_area`, `id_estado_solicitud`, `id_tipo_cliente`, `id_moneda`, `id_iva`, `id_usuario`) VALUES (5, 1, 1, 20, NULL, 10, NULL, NULL, NULL);
INSERT INTO `sis_fac`.`permisos` (`id_permisos`, `permiso`, `id_tipo_documento`, `id_area`, `id_estado_solicitud`, `id_tipo_cliente`, `id_moneda`, `id_iva`, `id_usuario`) VALUES (6, 1, 2, 20, NULL, 10, NULL, NULL, NULL);
INSERT INTO `sis_fac`.`permisos` (`id_permisos`, `permiso`, `id_tipo_documento`, `id_area`, `id_estado_solicitud`, `id_tipo_cliente`, `id_moneda`, `id_iva`, `id_usuario`) VALUES (7, 1, 3, 20, NULL, 10, NULL, NULL, NULL);
INSERT INTO `sis_fac`.`permisos` (`id_permisos`, `permiso`, `id_tipo_documento`, `id_area`, `id_estado_solicitud`, `id_tipo_cliente`, `id_moneda`, `id_iva`, `id_usuario`) VALUES (8, 1, 4, 20, NULL, 10, NULL, NULL, NULL);
INSERT INTO `sis_fac`.`permisos` (`id_permisos`, `permiso`, `id_tipo_documento`, `id_area`, `id_estado_solicitud`, `id_tipo_cliente`, `id_moneda`, `id_iva`, `id_usuario`) VALUES (9, 1, NULL, 1, 0, NULL, NULL, NULL, NULL);
INSERT INTO `sis_fac`.`permisos` (`id_permisos`, `permiso`, `id_tipo_documento`, `id_area`, `id_estado_solicitud`, `id_tipo_cliente`, `id_moneda`, `id_iva`, `id_usuario`) VALUES (10, 1, NULL, 1, 1, NULL, NULL, NULL, NULL);
INSERT INTO `sis_fac`.`permisos` (`id_permisos`, `permiso`, `id_tipo_documento`, `id_area`, `id_estado_solicitud`, `id_tipo_cliente`, `id_moneda`, `id_iva`, `id_usuario`) VALUES (11, 1, NULL, 1, 2, NULL, NULL, NULL, NULL);
INSERT INTO `sis_fac`.`permisos` (`id_permisos`, `permiso`, `id_tipo_documento`, `id_area`, `id_estado_solicitud`, `id_tipo_cliente`, `id_moneda`, `id_iva`, `id_usuario`) VALUES (12, 1, NULL, 1, 3, NULL, NULL, NULL, NULL);
INSERT INTO `sis_fac`.`permisos` (`id_permisos`, `permiso`, `id_tipo_documento`, `id_area`, `id_estado_solicitud`, `id_tipo_cliente`, `id_moneda`, `id_iva`, `id_usuario`) VALUES (13, 1, NULL, 1, 4, NULL, NULL, NULL, NULL);
INSERT INTO `sis_fac`.`permisos` (`id_permisos`, `permiso`, `id_tipo_documento`, `id_area`, `id_estado_solicitud`, `id_tipo_cliente`, `id_moneda`, `id_iva`, `id_usuario`) VALUES (14, 1, NULL, 1, 5, NULL, NULL, NULL, NULL);
INSERT INTO `sis_fac`.`permisos` (`id_permisos`, `permiso`, `id_tipo_documento`, `id_area`, `id_estado_solicitud`, `id_tipo_cliente`, `id_moneda`, `id_iva`, `id_usuario`) VALUES (15, 1, NULL, 1, 6, NULL, NULL, NULL, NULL);
INSERT INTO `sis_fac`.`permisos` (`id_permisos`, `permiso`, `id_tipo_documento`, `id_area`, `id_estado_solicitud`, `id_tipo_cliente`, `id_moneda`, `id_iva`, `id_usuario`) VALUES (16, 1, NULL, 2, 0, NULL, NULL, NULL, NULL);
INSERT INTO `sis_fac`.`permisos` (`id_permisos`, `permiso`, `id_tipo_documento`, `id_area`, `id_estado_solicitud`, `id_tipo_cliente`, `id_moneda`, `id_iva`, `id_usuario`) VALUES (17, 1, NULL, 2, 1, NULL, NULL, NULL, NULL);
INSERT INTO `sis_fac`.`permisos` (`id_permisos`, `permiso`, `id_tipo_documento`, `id_area`, `id_estado_solicitud`, `id_tipo_cliente`, `id_moneda`, `id_iva`, `id_usuario`) VALUES (18, 1, NULL, 2, 2, NULL, NULL, NULL, NULL);
INSERT INTO `sis_fac`.`permisos` (`id_permisos`, `permiso`, `id_tipo_documento`, `id_area`, `id_estado_solicitud`, `id_tipo_cliente`, `id_moneda`, `id_iva`, `id_usuario`) VALUES (19, 1, NULL, 2, 3, NULL, NULL, NULL, NULL);
INSERT INTO `sis_fac`.`permisos` (`id_permisos`, `permiso`, `id_tipo_documento`, `id_area`, `id_estado_solicitud`, `id_tipo_cliente`, `id_moneda`, `id_iva`, `id_usuario`) VALUES (20, 1, NULL, 2, 4, NULL, NULL, NULL, NULL);
INSERT INTO `sis_fac`.`permisos` (`id_permisos`, `permiso`, `id_tipo_documento`, `id_area`, `id_estado_solicitud`, `id_tipo_cliente`, `id_moneda`, `id_iva`, `id_usuario`) VALUES (21, 1, NULL, 2, 5, NULL, NULL, NULL, NULL);
INSERT INTO `sis_fac`.`permisos` (`id_permisos`, `permiso`, `id_tipo_documento`, `id_area`, `id_estado_solicitud`, `id_tipo_cliente`, `id_moneda`, `id_iva`, `id_usuario`) VALUES (22, 1, NULL, 2, 6, NULL, NULL, NULL, NULL);
INSERT INTO `sis_fac`.`permisos` (`id_permisos`, `permiso`, `id_tipo_documento`, `id_area`, `id_estado_solicitud`, `id_tipo_cliente`, `id_moneda`, `id_iva`, `id_usuario`) VALUES (23, 1, NULL, 3, 0, NULL, NULL, NULL, NULL);
INSERT INTO `sis_fac`.`permisos` (`id_permisos`, `permiso`, `id_tipo_documento`, `id_area`, `id_estado_solicitud`, `id_tipo_cliente`, `id_moneda`, `id_iva`, `id_usuario`) VALUES (24, 1, NULL, 3, 1, NULL, NULL, NULL, NULL);
INSERT INTO `sis_fac`.`permisos` (`id_permisos`, `permiso`, `id_tipo_documento`, `id_area`, `id_estado_solicitud`, `id_tipo_cliente`, `id_moneda`, `id_iva`, `id_usuario`) VALUES (25, 1, NULL, 3, 2, NULL, NULL, NULL, NULL);
INSERT INTO `sis_fac`.`permisos` (`id_permisos`, `permiso`, `id_tipo_documento`, `id_area`, `id_estado_solicitud`, `id_tipo_cliente`, `id_moneda`, `id_iva`, `id_usuario`) VALUES (26, 1, NULL, 3, 3, NULL, NULL, NULL, NULL);
INSERT INTO `sis_fac`.`permisos` (`id_permisos`, `permiso`, `id_tipo_documento`, `id_area`, `id_estado_solicitud`, `id_tipo_cliente`, `id_moneda`, `id_iva`, `id_usuario`) VALUES (27, 1, NULL, 3, 4, NULL, NULL, NULL, NULL);
INSERT INTO `sis_fac`.`permisos` (`id_permisos`, `permiso`, `id_tipo_documento`, `id_area`, `id_estado_solicitud`, `id_tipo_cliente`, `id_moneda`, `id_iva`, `id_usuario`) VALUES (28, 1, NULL, 3, 5, NULL, NULL, NULL, NULL);
INSERT INTO `sis_fac`.`permisos` (`id_permisos`, `permiso`, `id_tipo_documento`, `id_area`, `id_estado_solicitud`, `id_tipo_cliente`, `id_moneda`, `id_iva`, `id_usuario`) VALUES (29, 1, NULL, 3, 6, NULL, NULL, NULL, NULL);
INSERT INTO `sis_fac`.`permisos` (`id_permisos`, `permiso`, `id_tipo_documento`, `id_area`, `id_estado_solicitud`, `id_tipo_cliente`, `id_moneda`, `id_iva`, `id_usuario`) VALUES (30, 1, NULL, 5, 0, NULL, NULL, NULL, NULL);
INSERT INTO `sis_fac`.`permisos` (`id_permisos`, `permiso`, `id_tipo_documento`, `id_area`, `id_estado_solicitud`, `id_tipo_cliente`, `id_moneda`, `id_iva`, `id_usuario`) VALUES (31, 1, NULL, 5, 1, NULL, NULL, NULL, NULL);
INSERT INTO `sis_fac`.`permisos` (`id_permisos`, `permiso`, `id_tipo_documento`, `id_area`, `id_estado_solicitud`, `id_tipo_cliente`, `id_moneda`, `id_iva`, `id_usuario`) VALUES (32, 1, NULL, 5, 2, NULL, NULL, NULL, NULL);
INSERT INTO `sis_fac`.`permisos` (`id_permisos`, `permiso`, `id_tipo_documento`, `id_area`, `id_estado_solicitud`, `id_tipo_cliente`, `id_moneda`, `id_iva`, `id_usuario`) VALUES (33, 1, NULL, 5, 3, NULL, NULL, NULL, NULL);
INSERT INTO `sis_fac`.`permisos` (`id_permisos`, `permiso`, `id_tipo_documento`, `id_area`, `id_estado_solicitud`, `id_tipo_cliente`, `id_moneda`, `id_iva`, `id_usuario`) VALUES (34, 1, NULL, 5, 4, NULL, NULL, NULL, NULL);
INSERT INTO `sis_fac`.`permisos` (`id_permisos`, `permiso`, `id_tipo_documento`, `id_area`, `id_estado_solicitud`, `id_tipo_cliente`, `id_moneda`, `id_iva`, `id_usuario`) VALUES (35, 1, NULL, 5, 5, NULL, NULL, NULL, NULL);
INSERT INTO `sis_fac`.`permisos` (`id_permisos`, `permiso`, `id_tipo_documento`, `id_area`, `id_estado_solicitud`, `id_tipo_cliente`, `id_moneda`, `id_iva`, `id_usuario`) VALUES (36, 1, NULL, 5, 6, NULL, NULL, NULL, NULL);
INSERT INTO `sis_fac`.`permisos` (`id_permisos`, `permiso`, `id_tipo_documento`, `id_area`, `id_estado_solicitud`, `id_tipo_cliente`, `id_moneda`, `id_iva`, `id_usuario`) VALUES (37, 1, NULL, 6, 0, NULL, NULL, NULL, NULL);
INSERT INTO `sis_fac`.`permisos` (`id_permisos`, `permiso`, `id_tipo_documento`, `id_area`, `id_estado_solicitud`, `id_tipo_cliente`, `id_moneda`, `id_iva`, `id_usuario`) VALUES (38, 1, NULL, 6, 1, NULL, NULL, NULL, NULL);
INSERT INTO `sis_fac`.`permisos` (`id_permisos`, `permiso`, `id_tipo_documento`, `id_area`, `id_estado_solicitud`, `id_tipo_cliente`, `id_moneda`, `id_iva`, `id_usuario`) VALUES (39, 1, NULL, 6, 2, NULL, NULL, NULL, NULL);
INSERT INTO `sis_fac`.`permisos` (`id_permisos`, `permiso`, `id_tipo_documento`, `id_area`, `id_estado_solicitud`, `id_tipo_cliente`, `id_moneda`, `id_iva`, `id_usuario`) VALUES (40, 1, NULL, 6, 7, NULL, NULL, NULL, NULL);
INSERT INTO `sis_fac`.`permisos` (`id_permisos`, `permiso`, `id_tipo_documento`, `id_area`, `id_estado_solicitud`, `id_tipo_cliente`, `id_moneda`, `id_iva`, `id_usuario`) VALUES (41, 1, NULL, 6, 4, NULL, NULL, NULL, NULL);
INSERT INTO `sis_fac`.`permisos` (`id_permisos`, `permiso`, `id_tipo_documento`, `id_area`, `id_estado_solicitud`, `id_tipo_cliente`, `id_moneda`, `id_iva`, `id_usuario`) VALUES (42, 1, NULL, 6, 5, NULL, NULL, NULL, NULL);
INSERT INTO `sis_fac`.`permisos` (`id_permisos`, `permiso`, `id_tipo_documento`, `id_area`, `id_estado_solicitud`, `id_tipo_cliente`, `id_moneda`, `id_iva`, `id_usuario`) VALUES (43, 1, NULL, 6, 6, NULL, NULL, NULL, NULL);
INSERT INTO `sis_fac`.`permisos` (`id_permisos`, `permiso`, `id_tipo_documento`, `id_area`, `id_estado_solicitud`, `id_tipo_cliente`, `id_moneda`, `id_iva`, `id_usuario`) VALUES (44, 1, NULL, 4, 1, NULL, NULL, NULL, NULL);
INSERT INTO `sis_fac`.`permisos` (`id_permisos`, `permiso`, `id_tipo_documento`, `id_area`, `id_estado_solicitud`, `id_tipo_cliente`, `id_moneda`, `id_iva`, `id_usuario`) VALUES (45, 1, NULL, 4, 2, NULL, NULL, NULL, NULL);
INSERT INTO `sis_fac`.`permisos` (`id_permisos`, `permiso`, `id_tipo_documento`, `id_area`, `id_estado_solicitud`, `id_tipo_cliente`, `id_moneda`, `id_iva`, `id_usuario`) VALUES (46, 1, NULL, 4, 3, NULL, NULL, NULL, NULL);
INSERT INTO `sis_fac`.`permisos` (`id_permisos`, `permiso`, `id_tipo_documento`, `id_area`, `id_estado_solicitud`, `id_tipo_cliente`, `id_moneda`, `id_iva`, `id_usuario`) VALUES (47, 1, NULL, 4, 4, NULL, NULL, NULL, NULL);
INSERT INTO `sis_fac`.`permisos` (`id_permisos`, `permiso`, `id_tipo_documento`, `id_area`, `id_estado_solicitud`, `id_tipo_cliente`, `id_moneda`, `id_iva`, `id_usuario`) VALUES (48, 1, NULL, 4, 5, NULL, NULL, NULL, NULL);
INSERT INTO `sis_fac`.`permisos` (`id_permisos`, `permiso`, `id_tipo_documento`, `id_area`, `id_estado_solicitud`, `id_tipo_cliente`, `id_moneda`, `id_iva`, `id_usuario`) VALUES (49, 1, NULL, 4, 6, NULL, NULL, NULL, NULL);
INSERT INTO `sis_fac`.`permisos` (`id_permisos`, `permiso`, `id_tipo_documento`, `id_area`, `id_estado_solicitud`, `id_tipo_cliente`, `id_moneda`, `id_iva`, `id_usuario`) VALUES (50, 1, NULL, 4, 0, NULL, NULL, NULL, NULL);

COMMIT;


-- -----------------------------------------------------
-- Data for table `sis_fac`.`motivos`
-- -----------------------------------------------------
START TRANSACTION;
USE `sis_fac`;
INSERT INTO `sis_fac`.`motivos` (`id_motivos`, `motivos_tx`, `suspendido`) VALUES (1, 'DATOS FISCALES', NULL);
INSERT INTO `sis_fac`.`motivos` (`id_motivos`, `motivos_tx`, `suspendido`) VALUES (2, 'DIFERENCIA FACTURA VS ACUERDO COMERCIAL', NULL);
INSERT INTO `sis_fac`.`motivos` (`id_motivos`, `motivos_tx`, `suspendido`) VALUES (3, 'REGULARIZACION BAJA DISTRIBUIDOR', NULL);
INSERT INTO `sis_fac`.`motivos` (`id_motivos`, `motivos_tx`, `suspendido`) VALUES (4, 'DEVOLUCIONES', NULL);
INSERT INTO `sis_fac`.`motivos` (`id_motivos`, `motivos_tx`, `suspendido`) VALUES (5, 'INCENTIVOS', NULL);
INSERT INTO `sis_fac`.`motivos` (`id_motivos`, `motivos_tx`, `suspendido`) VALUES (6, 'COMISION RECARGA ADICIONAL', NULL);
INSERT INTO `sis_fac`.`motivos` (`id_motivos`, `motivos_tx`, `suspendido`) VALUES (7, 'PENALIZACION BAJA ANTICIPADA', NULL);
INSERT INTO `sis_fac`.`motivos` (`id_motivos`, `motivos_tx`, `suspendido`) VALUES (8, 'RENTAS ANTICIPADAS O PAGADAS POR ADELANTADO', NULL);
INSERT INTO `sis_fac`.`motivos` (`id_motivos`, `motivos_tx`, `suspendido`) VALUES (9, 'TRÁFICO O SERVICIOS CURSADOS Y NO FACTURADOS', NULL);
INSERT INTO `sis_fac`.`motivos` (`id_motivos`, `motivos_tx`, `suspendido`) VALUES (10, 'RECARGA ELECTRÓNICA', NULL);
INSERT INTO `sis_fac`.`motivos` (`id_motivos`, `motivos_tx`, `suspendido`) VALUES (11, 'DIFERENCIA COSTO EQUIPOS', NULL);
INSERT INTO `sis_fac`.`motivos` (`id_motivos`, `motivos_tx`, `suspendido`) VALUES (12, 'ACUERDO COMERCIAL', NULL);
INSERT INTO `sis_fac`.`motivos` (`id_motivos`, `motivos_tx`, `suspendido`) VALUES (13, 'DATOS FISCALES', NULL);
INSERT INTO `sis_fac`.`motivos` (`id_motivos`, `motivos_tx`, `suspendido`) VALUES (14, 'LEYENDAS ESPECIALES', NULL);
INSERT INTO `sis_fac`.`motivos` (`id_motivos`, `motivos_tx`, `suspendido`) VALUES (15, 'ERROR EN FACTURACION', NULL);
INSERT INTO `sis_fac`.`motivos` (`id_motivos`, `motivos_tx`, `suspendido`) VALUES (16, 'TASA IMPOSITIVA', NULL);
INSERT INTO `sis_fac`.`motivos` (`id_motivos`, `motivos_tx`, `suspendido`) VALUES (17, 'DIFERENCIA DEBIDO A ACUERDO INTERCOMPAÑIA', NULL);
INSERT INTO `sis_fac`.`motivos` (`id_motivos`, `motivos_tx`, `suspendido`) VALUES (18, 'DIFERENCIA DEBIDO A ERROR EN FACTURACION', NULL);
INSERT INTO `sis_fac`.`motivos` (`id_motivos`, `motivos_tx`, `suspendido`) VALUES (19, 'DIFERENCIA DEBIDO A LEYENDAS ESPECIALES', NULL);
INSERT INTO `sis_fac`.`motivos` (`id_motivos`, `motivos_tx`, `suspendido`) VALUES (20, 'DIFERENCIA DEBIDO A ACUERDO COMERCIAL', NULL);
INSERT INTO `sis_fac`.`motivos` (`id_motivos`, `motivos_tx`, `suspendido`) VALUES (21, 'DIFERENCIA DEBIDO A DATOS FISCALES O CAMBIO RS', NULL);
INSERT INTO `sis_fac`.`motivos` (`id_motivos`, `motivos_tx`, `suspendido`) VALUES (22, 'DIFERENCIA DEBIDO A IMPUESTOS (IVA/IEPS)', NULL);
INSERT INTO `sis_fac`.`motivos` (`id_motivos`, `motivos_tx`, `suspendido`) VALUES (23, 'DIFERENCIA DEBIDO A DIFERENCIA EN COSTO EQUIPOS', NULL);
INSERT INTO `sis_fac`.`motivos` (`id_motivos`, `motivos_tx`, `suspendido`) VALUES (24, 'RED DE DISTRIBUCIÓN (OPERADOR LOGÍSTICO)', NULL);
INSERT INTO `sis_fac`.`motivos` (`id_motivos`, `motivos_tx`, `suspendido`) VALUES (25, 'ACUERDOS INTEROCOMPAÑÍAS', NULL);
INSERT INTO `sis_fac`.`motivos` (`id_motivos`, `motivos_tx`, `suspendido`) VALUES (26, 'TRÁFICO CURSADO', NULL);
INSERT INTO `sis_fac`.`motivos` (`id_motivos`, `motivos_tx`, `suspendido`) VALUES (27, 'TERMINALES Y SIM\'S', NULL);
INSERT INTO `sis_fac`.`motivos` (`id_motivos`, `motivos_tx`, `suspendido`) VALUES (28, 'TARJETA RASCA', NULL);
INSERT INTO `sis_fac`.`motivos` (`id_motivos`, `motivos_tx`, `suspendido`) VALUES (29, 'FACTURACIÓN EMPLEADOS', NULL);
INSERT INTO `sis_fac`.`motivos` (`id_motivos`, `motivos_tx`, `suspendido`) VALUES (30, 'VENTAS OUTLET', NULL);
INSERT INTO `sis_fac`.`motivos` (`id_motivos`, `motivos_tx`, `suspendido`) VALUES (31, 'PROYECTO NUEVO', NULL);
INSERT INTO `sis_fac`.`motivos` (`id_motivos`, `motivos_tx`, `suspendido`) VALUES (32, 'PENALIZACION', NULL);
INSERT INTO `sis_fac`.`motivos` (`id_motivos`, `motivos_tx`, `suspendido`) VALUES (33, 'DONATIVOS', NULL);
INSERT INTO `sis_fac`.`motivos` (`id_motivos`, `motivos_tx`, `suspendido`) VALUES (34, 'RENTAS TIENDAS PROPIAS', NULL);
INSERT INTO `sis_fac`.`motivos` (`id_motivos`, `motivos_tx`, `suspendido`) VALUES (35, 'ACTIVOS - INACTIVOS (CONSIGNA)', NULL);
INSERT INTO `sis_fac`.`motivos` (`id_motivos`, `motivos_tx`, `suspendido`) VALUES (36, 'ACTIVO FIJO', NULL);
INSERT INTO `sis_fac`.`motivos` (`id_motivos`, `motivos_tx`, `suspendido`) VALUES (37, 'INTERESES', NULL);
INSERT INTO `sis_fac`.`motivos` (`id_motivos`, `motivos_tx`, `suspendido`) VALUES (38, 'SERVICIOS', NULL);
INSERT INTO `sis_fac`.`motivos` (`id_motivos`, `motivos_tx`, `suspendido`) VALUES (39, 'RENTAS (VARIOS)', NULL);

COMMIT;


-- -----------------------------------------------------
-- Data for table `sis_fac`.`flujo_trabajo`
-- -----------------------------------------------------
START TRANSACTION;
USE `sis_fac`;
INSERT INTO `sis_fac`.`flujo_trabajo` (`idflujo`, `prioridad`, `sub_prioridad`, `area_id_area`, `tipo_documento_id_tipo_doc`) VALUES (1, 1, 0, 1, 1);
INSERT INTO `sis_fac`.`flujo_trabajo` (`idflujo`, `prioridad`, `sub_prioridad`, `area_id_area`, `tipo_documento_id_tipo_doc`) VALUES (2, 2, 0, 2, 1);
INSERT INTO `sis_fac`.`flujo_trabajo` (`idflujo`, `prioridad`, `sub_prioridad`, `area_id_area`, `tipo_documento_id_tipo_doc`) VALUES (3, 3, 0, 5, 1);
INSERT INTO `sis_fac`.`flujo_trabajo` (`idflujo`, `prioridad`, `sub_prioridad`, `area_id_area`, `tipo_documento_id_tipo_doc`) VALUES (4, 4, 0, 6, 1);
INSERT INTO `sis_fac`.`flujo_trabajo` (`idflujo`, `prioridad`, `sub_prioridad`, `area_id_area`, `tipo_documento_id_tipo_doc`) VALUES (5, 1, 0, 1, 2);
INSERT INTO `sis_fac`.`flujo_trabajo` (`idflujo`, `prioridad`, `sub_prioridad`, `area_id_area`, `tipo_documento_id_tipo_doc`) VALUES (6, 2, 0, 2, 2);
INSERT INTO `sis_fac`.`flujo_trabajo` (`idflujo`, `prioridad`, `sub_prioridad`, `area_id_area`, `tipo_documento_id_tipo_doc`) VALUES (7, 3, 0, 4, 2);
INSERT INTO `sis_fac`.`flujo_trabajo` (`idflujo`, `prioridad`, `sub_prioridad`, `area_id_area`, `tipo_documento_id_tipo_doc`) VALUES (8, 4, 0, 6, 2);
INSERT INTO `sis_fac`.`flujo_trabajo` (`idflujo`, `prioridad`, `sub_prioridad`, `area_id_area`, `tipo_documento_id_tipo_doc`) VALUES (9, 1, 0, 1, 3);
INSERT INTO `sis_fac`.`flujo_trabajo` (`idflujo`, `prioridad`, `sub_prioridad`, `area_id_area`, `tipo_documento_id_tipo_doc`) VALUES (10, 2, 0, 2, 3);
INSERT INTO `sis_fac`.`flujo_trabajo` (`idflujo`, `prioridad`, `sub_prioridad`, `area_id_area`, `tipo_documento_id_tipo_doc`) VALUES (11, 3, 0, 4, 3);
INSERT INTO `sis_fac`.`flujo_trabajo` (`idflujo`, `prioridad`, `sub_prioridad`, `area_id_area`, `tipo_documento_id_tipo_doc`) VALUES (12, 3, 0, 5, 3);
INSERT INTO `sis_fac`.`flujo_trabajo` (`idflujo`, `prioridad`, `sub_prioridad`, `area_id_area`, `tipo_documento_id_tipo_doc`) VALUES (13, 4, 0, 6, 3);
INSERT INTO `sis_fac`.`flujo_trabajo` (`idflujo`, `prioridad`, `sub_prioridad`, `area_id_area`, `tipo_documento_id_tipo_doc`) VALUES (14, 1, 0, 1, 4);
INSERT INTO `sis_fac`.`flujo_trabajo` (`idflujo`, `prioridad`, `sub_prioridad`, `area_id_area`, `tipo_documento_id_tipo_doc`) VALUES (15, 2, 0, 2, 4);
INSERT INTO `sis_fac`.`flujo_trabajo` (`idflujo`, `prioridad`, `sub_prioridad`, `area_id_area`, `tipo_documento_id_tipo_doc`) VALUES (16, 3, 0, 4, 4);
INSERT INTO `sis_fac`.`flujo_trabajo` (`idflujo`, `prioridad`, `sub_prioridad`, `area_id_area`, `tipo_documento_id_tipo_doc`) VALUES (17, 3, 0, 5, 4);
INSERT INTO `sis_fac`.`flujo_trabajo` (`idflujo`, `prioridad`, `sub_prioridad`, `area_id_area`, `tipo_documento_id_tipo_doc`) VALUES (18, 4, 0, 6, 4);

COMMIT;

